NAME,RA,DECL,LIT_SPT_NUM,LIT_SPT_NUM,LIT_METAL_NUM,CAT_PMRA,CAT_PMDEC,CAT_PMRA_E,CAT_PMDEC_E,CAT_PMTOT,CAT_PMTOT_E,WISE_W1,WISE_W1e,WISE_W2,WISE_W2e,GAIA_G,GAIA_B,GAIA_R,GAIA_Ge,GAIA_Be,GAIA_Re,MKO_J,MKO_Je,MKO_H,MKO_He,MKO_K,MKO_Ke,PANSTARRS_G,PANSTARRS_Ge,PANSTARRS_R,PANSTARRS_Re,PANSTARRS_I,PANSTARRS_Ie,PANSTARRS_Z,PANSTARRS_Ze,PANSTARRS_Y,PANSTARRS_Ye
GJ 1111,127.449899,26.77307759,7.0,7,-1,-1.2044,-0.665,0.0032,0.0033,1.37579226629604,0.00322364120692097,8.63,0.029,8.073,0.02,12.1685,15.11591,10.7195,0.04162824758,0.0851022068,0.03909304661,,,,,,,15.46875,0.004097,13.86654,0.01103736,12.7707,,,,9.79,0.0
GJ 660.1B,258.2133853,-5.123730413,7.0,7,-1,0.09652,-0.7716,0.0044,0.0042,0.77761344535701,0.00420315350304029,9.018,0.017,8.757,0.011,17.35321,19.6475802,15.728364,0.07184353838,0.5085631194,0.1481550514,17.2553,0.0683,,,,,22.180012,0.06076,20.35921,0.137156,19.5625,0.013173,,,,
Gl 644 C,253.8932349,-8.398742425,7.0,7,-1,-0.82315,-0.89152,0.003,0.0031,1.2134182431874,0.00305438770673445,9.04,0.02,8.804,0.016,13.81432,17.066027,12.3382,0.03362618343,0.1044062193,0.03789414109,10.3326,5E-04,,,10.709,8E-04,17.138,0.006,15.6875,0.004032,13.246000000000000,0.0033,12.301000000000000,0.011,9.7251,0.0044
2MASS J18353790+3259545,278.907389,32.99442558,8.0,8,-1,-0.08993,-0.76494,0.0023,0.0036,0.770208159201134,0.00358544760434793,9.146,0.018,8.893,0.016,14.85199,18.4692597,13.31974,0.04213385497,0.1679403975,0.0538731715,10.66497231,6.422650185E-04,,,,,17.890625,0.028366,16.93237,0.01546546,14.4315,0.0015,,,,
LHS 2090,135.0954822,21.83173606,7.0,7,-1,-0.60856,-0.708,0.0053,0.0061,0.933600167951999,0.00577364077214384,9.475,0.014,9.227,0.011,13.4141,16.364018,11.9656,0.03787187408,0.1257755995,0.05225577461,10.48203564,5.800434737E-04,,,,,16.71875,0.006077,15.10716,0.0103118,13.796,0.0422,,,,
Teegardens,43.27007081,16.8640386,8.0,8,-1,,,,,,,9.751,0.016,9.377,0.012,,,,,,,17.89661026,0.04393796995,,,,,,,,,11.4553,0.0955,,,8.4401,0.001
V* V492 Lyr,280.841471,40.67518172,7.0,7,-1,-0.13422,0.67101,0.0026,0.0026,0.684302147081244,0.0026,10.607,0.042,10.404,0.037,15.40931,18.5088942,13.93762,0.0412021635,0.1833936507,0.04958975634,11.31755638,8.428790607E-04,10.688,0.019,10.308,0.016,18.992565000000000,0.0281,17.15778,0.013947,14.8402,0.0019,13.586500000000000,0.0049,12.2708,0.0105
LHS 2924,217.1781893,33.17409029,9.0,9,-1,-0.36402,-0.77261,0.0031,0.002,0.85407070696752,0.00224033945591672,10.955,0.024,10.674,0.02,16.610171,19.8262291,15.077758,0.03618654686,0.2576699544,0.05194062494,11.90622711,0.001097645145,,,,,20.656115000000000,0.012501,18.166716,0.004789,16.1836,0.0079,14.492188000000000,0.004055,13.199,0.0011
SDSS J141624.08+134826.7,214.1006429,13.80764801,17.0,17,-1,0.0495,0.132,0.005,0.0053,0.140976061797739,0.00526393779369498,11.345,0.012,10.985,0.008,18.3293759,21.56513779,16.69589,0.08117555635,0.6308831416,0.1342392779,13.066,0.001,12.503,0.001,12.107,0.002,23.05299,0.079511,19.969252,0.010024,18.346700000000000,0.0076,15.717189000000000,0.001178,14.5797,0.0028
LSR J1826+3014,276.5342137,30.23553215,10.0,10,-1,-2.2893,-0.67531,0.0038,0.0072,2.38682594382163,0.00417539151522238,11.401,0.017,11.053,0.014,,,,,,,11.59105778,9.253622848E-04,,,,,,,18.0625,0.003345,,,,,,
2MASS J23470713+0219127,356.7789303,2.318339948,7.0,7,-1,-0.20222,-0.39933,0.0047,0.0043,0.447612977135382,0.00438460486006098,12.693,0.012,12.444,0.009,17.202273,19.7099299,15.797729,0.05570174406,0.363566045,0.1009495847,13.573,0.002,13.141,0.002,12.798,0.002,20.055597000000000,0.006752,18.513556,0.003071,16.325598,0.002053,15.300161,0.001326,14.301451,0.002289
2MASSW J1300425+191235,195.1730535,19.2036011,11.0,11,-1,-1.03742,-1.6807,0.0054,0.0051,1.97509309816019,0.00518450091709847,12.734,0.019,12.466,0.013,17.466562,20.88812296,15.895729,0.05757849979,0.5018582851,0.0891983633,12.60275078,0.001505662454,,,,,21.984375,0.053406,19.140625,0.010201,17.1478,0.0046,15.5367,0.0119,13.9267,0.0082
ULAS J131943.77+120900.2,199.9317843,12.15182619,25.0,25,-1,-0.15167,-0.00509,0.0047,0.0054,0.151755385406911,0.00470084605737097,12.751,0.014,12.577,0.01,,,,,,,13.698,0.001,13.196,0.002,12.888,0.003,,,17.430600000000000,0.01796205,,,,,,
WISE J235408.36+551854.5,358.538166,55.31380297,8.0,8,-1,1.11748,-0.77477,0.0035,0.0032,1.35979046301259,0.00340550645724152,12.922,0.045,12.599,0.04,17.728342,20.93800337,16.188334,0.05384720211,0.5450429078,0.07757526965,13.33593273,0.002456094138,,,,,,,19.8405,0.08094139,17.275000000000000,0.0056,15.796200000000000,0.0092,14.3617,0.0022
SSSPM J1444-2019,221.0710612,-20.33254711,10.0,10,-1,,,,,,,13.08,0.015,12.803,0.012,,,,,,,,,,,,,,,19.0555,0.06180424,16.0992,0.0018,14.95,0.008,,
LP 426-61,137.2635892,19.69476677,7.0,7,-1,-0.38609,-0.169,0.0058,0.0062,0.421457575682298,0.00586615749945958,13.259,0.016,13.089,0.018,17.051663,18.8384709,15.806546,0.04664443439,0.1783083047,0.08078916469,14.03538227,0.003123361617,13.575,0.033,13.396,0.034,19.386180000000000,0.003416,17.757776,0.002839,16.129747000000000,6E-04,15.528304000000000,0.001227,14.6851,2E-04
LSPM J2036+5100,309.0955509,51.00713501,7.5,7.5,-1,0.80903,1.22,0.0031,0.003,1.46387483785329,0.00303089367147733,13.346,0.029,13.113,0.025,16.850402,19.0757605,15.509627,0.04619209206,0.2191670814,0.06458193468,,,,,,,19.63679,0.07809631,,,,,15.194000000000000,0.0048,14.2295,0.0379
LHS 377,219.751207,18.65509354,7.0,7,-1,-0.02606,-1.34774,0.0023,0.0024,1.3479919254951,0.00239996340395332,13.36,0.108,13.158,0.108,16.444299,18.6409862,15.101278,0.04418064583,0.236104474,0.06876675773,13.17560196,0.002255139872,,,,,,,17.515625,0.005058,15.700300000000000,0.0027,14.679688000000000,0.001776,13.849,0.0041
2MASS J08503941-0221528,132.6622771,-2.365453128,17.0,17,-1,-0.42873,-0.143,0.0056,0.0059,0.451949568978664,0.00563075404889624,13.435,0.013,13.143,0.011,20.6045253,21.07033907,19.0044503,0.120902478,0.6380592292,0.2980458022,15.3292,0.0146,14.504,0.04,14.1,0.058,25.668000000000000,0.502,21.903,0.1088,20.454900000000000,0.0268,18.015625,0.007084,16.8512,0.0134
LSPM J0723+0316,110.9288888,3.270846642,7.5,7.5,-1,-0.11427,-0.40239,0.0065,0.0067,0.418300543867684,0.00668528148432962,13.667,0.016,13.441,0.013,17.772917,19.9474725,16.443371,0.05831372567,0.4077426765,0.1420335289,14.48928833,0.004050195683,14.12,0.04,13.878,0.043,20.503800000000000,0.0351,18.828125,0.005554,17.0315,0.0032,16.1576,0.0026,15.1819,0.0044
SDSS J145255.58+272324.4,223.2308955,27.38919374,11.0,11,-1,-0.19916,-0.26605,0.0053,0.0059,0.332336137216524,0.00569180645917223,13.67,0.016,13.412,0.013,19.5433261,21.6539124,18.0063937,0.08010250971,0.5377002224,0.1638958303,14.82231903,0.005723286886,14.356,0.042,14.083,0.061,24.094,0.404,21.409805,0.033072,19.1523,0.0239,17.1272,0.001917,,
WISEA J004326.26+222124.0,10.85967238,22.35581952,11.0,11,-1,0.17408,-0.4223,0.0067,0.0063,0.456772521502772,0.00635965943519604,13.684,0.015,13.44,0.012,19.0669337,21.28406349,17.5577196,0.07280629126,0.5870447758,0.14808853,14.7469635,0.004618777893,14.226,0.039,13.931,0.063,23.013618,0.092065,21.146355,0.02697,18.5399,0.0151,16.81279,0.002611,15.755,0.0129
2MASS J14343616+2202463,218.646953,22.04687754,9.0,9,-1,-0.79086,0.16205,0.0074,0.0048,0.807291609085589,0.00731313090975659,13.718,0.025,13.402,0.023,19.1745088,21.69559234,17.5890066,0.0912165111,0.6127214734,0.1350906087,14.4294796,0.003989030141,,,,,23.5625,0.180054,21.171875,0.044861,18.8194,0.0099,16.703125,0.003714,15.5948,0.0217
2MASS J20402401+6959057,310.121148,69.9927746,10.5,10.5,-2,1.56102,1.71,0.0047,0.004,2.31535816676384,0.00433222835723067,13.733,0.022,13.475,0.02,17.530507,20.95834295,16.036091,0.05819863527,0.4360212377,0.100895257,,,,,,,21.302400000000000,0.1589,19.819300000000000,0.0619,,,,,,
2MASS J14313097+1436539,217.8766336,14.61454079,11.0,11,-1,-0.45424,-0.0854,0.0054,0.0061,0.46219815836933,0.00542538702252908,13.753,0.013,13.49,0.012,19.9375018,21.6769033,18.4187009,0.1022816755,0.7051422501,0.274996889,15.08714199,0.00576059334,14.501,0.047,14.125,0.062,,,21.8125,0.075195,19.599800000000000,0.0201,17.515625,0.004642,16.3821,0.0059
2MASS J17561080+2815238,269.0417111,28.25455181,11.0,11,-1,-0.62471,-0.43884,0.0044,0.0047,0.76344163476981,0.00450133702111681,13.756,0.027,13.509,0.024,19.3552062,21.2122228,17.8024294,0.07689624948,0.5466209273,0.1723499438,14.5997591,0.004311190918,,,,,,,21.275864,0.028511,19.0375,0.0029,16.945358,0.002092,15.8192,0.0147
WISE J194128.98−342335.8,295.3716325,-34.39433697,8.0,8,-1,0.33548,-0.561,0.0058,0.0082,0.653657272888476,0.00764129618532396,13.775,0.082,13.446,0.074,18.6472613,20.9442851,17.085173,0.1050050041,0.5708654325,0.1694214244,14.4397,0.0036,15.328,0.103,13.6441,0.0043,,,,,18.044700000000000,0.0107,17.234375,0.011177,,
SDSS J075054.74+445418.7,117.7273229,44.90362488,10.5,10.5,-1,-0.13938,-0.41367,0.0062,0.0074,0.436519934596348,0.00728671083714211,13.805,0.014,13.475,0.012,19.3990635,20.90024905,17.900316,0.1866174409,0.7503511521,0.2121528327,14.9582653,0.005663409363,14.456,0.057,14.247,0.073,23.67,0.361,21.617498,0.129438,19.011100000000000,0.0029,17.07676,0.006574,16.0102,0.0077
2MASS J16262034+3925190,246.5758774,39.42310796,14.0,14,-3,-1.38088,0.25368,0.0043,0.0045,1.40398828940985,0.0043066760978895,13.979,0.015,13.637,0.014,18.3489108,21.36783142,16.81063,0.06165641668,0.5299506626,0.1050139283,14.34063816,0.003661633236,,,,,,,20.571749,0.079773,17.913700000000000,0.005,,,15.1684,0.005
APMPM J0559-2903,89.74740408,-29.05745742,7.5,7.5,-2,0.39892,0.0451,0.0071,0.0072,0.401461301248327,0.00710127079218871,14.097,0.021,13.878,0.019,17.800351,19.490338,16.576213,0.04917818454,0.2746039103,0.1088310811,14.5205,0.003,14.453,0.035,14.3628,0.0075,20.309088000000000,0.008589,18.41828,0.003337,16.834590000000000,0.001612,16.29373,0.001299,15.500193,0.003041
SDSS J165850.26+182000.6,254.7087486,18.33357097,11.0,11,-1,-0.16526,0.08669,0.007,0.0079,0.186617318864033,0.00720373254322922,14.101,0.013,13.824,0.013,20.3330188,21.44919209,18.7838523,0.1006813337,0.550071024,0.277689058,15.51132393,0.007406878285,14.909,0.069,14.572,0.095,24.180000000000000,0.4,21.843626,0.055935,19.908,0.0159,17.946314000000000,0.003888,16.8338,0.0189
2MASS J14405684-2225149,220.2354563,-22.42235869,8.5,8.5,-1,-0.24616,-0.29498,0.0084,0.0092,0.384197795412728,0.0088803152753232,14.117,0.016,13.913,0.016,18.5270748,20.73032085,17.15238,0.07043961219,0.5227711819,0.1577074942,15.0481,0.0064,14.688,0.057,14.3179,0.0081,21.265625,0.036407,19.9018,0.0405,17.546875,0.004528,16.65625,0.003063,15.7769,0.0029
PM J19418-0208,295.4692142,-2.150849591,8.0,8,-1,-0.25092,-1.14,0.0124,0.0116,1.16728781643603,0.011638178055609,14.193,0.041,13.966,0.04,18.03739,20.48137231,16.651512,0.05146425987,0.3398877288,0.096346895,15.719,0.07,15.334,0.109,15.211,0.17,,,19.41354,0.06140197,,,16.747,0.018,,
SSSPM J1930-4311,292.4209593,-43.18085367,7.0,7,-1,-0.00831,-0.931,0.0091,0.0079,0.931037086318263,0.00790010285806248,14.2,0.022,14.016,0.022,17.874358,19.7078025,16.583227,0.05218767484,0.3292414244,0.1086506916,14.7465,0.0065,,,14.1175,0.0061,,,,,,,16.21875,0.002777,,
WISEA J030601.66−033059.0,46.50752706,-3.518557351,11.0,11,-2,0.3317,-1.3017,0.0073,0.0073,1.34329735352974,0.0073,14.201,0.052,14.002,0.054,18.5381686,21.0880907,17.011006,0.07023208261,0.6462339171,0.1695845837,,,,,,,,,21.328500000000000,0.1861,17.9727,0.0063,16.328125,0.003078,,
2MASS J11264705+5816325,171.696526,58.27452333,11.0,11,-1,0.06943,-0.22068,0.007,0.0078,0.231344304662985,0.00773133750966968,14.232,0.014,13.977,0.014,20.479154,21.66014462,18.9238609,0.1032147923,0.6114458789,0.2602730012,15.837,0.076,15.112,0.084,14.543,0.083,25.012,1.221,21.6643,0.1929,20.1017,0.016,18.094767000000000,0.009629,16.9212,0.0095
SSSPM J10130734−1356204,153.2808975,-13.9442754,10.0,10,-3,0.05151,-1.0423,0.0065,0.0076,1.04357202439506,0.00759751356276113,14.239,0.045,14.0,0.046,17.941197,20.42290036,16.561574,0.06634971964,0.4111471178,0.1182015692,,,,,,,21.358600000000000,0.0372,18.78125,0.008179,,,16.65,0.013,,
LSPM J1425+7102,216.2623748,71.03517077,8.0,8,-1,-0.67655,-0.17035,0.0116,0.0043,0.697666843844539,0.0112977859850729,14.28,0.046,14.059,0.043,17.88835,19.826525,16.595092,0.05509538924,0.3274739185,0.1014799766,,,,,,,20.640625,0.092468,18.78125,0.049072,17.1353,0.0045,16.3489,0.0016,15.3886,0.0167
2MASS J14114474-4524153,212.9270176,-45.40563882,9.0,9,-1,-1.46231,-0.27663,0.0045,0.005,1.48824550830836,0.00451819798223521,14.289,0.033,14.07,0.031,18.3297007,21.2376371,16.861128,0.07589089054,0.5409318185,0.130009495,,,,,,,21.75,0.032541,20.211111,0.01286,,,16.815000000000000,0.014,,
SSSPM J1256-1408,194.054847,-14.14929644,9.0,9,-1,-0.89863,-1.31725,0.0073,0.008,1.59457939262992,0.00778450960927201,14.345,0.021,14.217,0.024,17.540892,20.2119236,16.126088,0.05203151549,0.355830514,0.07056573357,13.9796,0.0028,13.6902,0.0037,13.4519,0.0043,20.758821,0.017327,19.0,0.005143,16.476578,0.002302,15.613149,0.002656,14.7331,0.0039
WISEA J181006.18−101000.5,272.5237922,-10.16686727,20.0,20,-2,-1.08748,-0.28753,0.0089,0.0085,1.12484943494674,0.00887441464353572,14.361,0.016,12.958,0.01,,,,,,,15.61,0.081,14.681,0.06,14.257,0.076,,,21.06635,0.1877272,,,,,,
WISEA J045921.21+154059.2,74.83903227,15.68199371,10.0,10,-1,0.41665,-0.555,0.01,0.0109,0.693990073776275,0.0105844259405553,14.37,0.037,14.139,0.037,17.894604,19.7349421,16.673379,0.06048590382,0.3224878598,0.1200771016,14.9514513,0.00564404903,,,,,20.103900000000000,0.0294,18.6442,0.0111,17.147000000000000,0.0044,,,15.5579,0.0532
2MASS J09481253-2903268,147.0499416,-29.05886143,11.0,11,-1,-0.39757,-0.238,0.0076,0.0088,0.463363685348777,0.0079342298941783,14.379,0.015,14.004,0.014,20.0834405,21.69411379,18.5671791,0.09403118958,0.6699331113,0.2122333387,15.5328,0.0092,15.019,0.065,14.6808,0.0112,24.432673,0.112094,20.4761,0.118,19.2467,0.002575,18.175,0.022,16.617,0.0109
LP  258-28,127.7174604,36.21254256,7.0,7,-2,0.42098,-0.715,0.0098,0.0108,0.829728365430518,0.0105516368849571,14.392,0.028,14.249,0.034,17.709327,19.2576805,16.54573,0.05079861964,0.2339150538,0.08597191899,14.90441227,0.004715575371,,,,,19.984375,0.070923,18.228893,0.01775,16.9829,0.0021,16.350441,0.004435,15.4615,0.0249
2MASS J18201045+2021263,275.0418881,20.35713474,8.5,8.5,-1,-0.32565,-0.05493,0.0084,0.0084,0.330250249659255,0.0084,14.422,0.015,14.25,0.015,18.41774,20.305643,17.153236,0.05707449052,0.3795342438,0.1143245081,15.28598309,0.006522343494,14.802,0.071,14.606,0.075,20.8124,0.0386,19.3123,0.0136,17.6719,0.0058,16.9159,0.0027,15.9627,0.0045
WISEA J013012.66−104732.4,22.5530358,-10.7929657,10.0,10,-1,0.13745,-0.34943,0.0105,0.0093,0.375491447838696,0.00946962127174621,14.44,0.015,14.085,0.016,20.0610907,21.20979005,18.4977421,0.09742360388,0.578656671,0.2468573016,15.628,0.062,15.136,0.1,14.825,0.118,24.133000000000000,0.624,22.210629,0.054083,19.6217,0.0119,17.69671,0.004109,16.5978,0.0065
WISEA J001450.17−083823.4,3.711783393,-8.640490743,10.0,10,-2,1.86359,-0.30666,0.0097,0.0092,1.88865244121305,0.00968714926320709,14.491,0.018,14.301,0.02,18.098923,20.79354537,16.63347,0.0552283874,0.6268295025,0.1228182118,14.3091,0.0053,,,13.7796,0.0053,21.359375,0.042419,19.862867,0.009919,17.4012,0.0062,16.611,0.008,,
2MASS J03084507+3259277,47.18972014,32.98890749,11.0,11,-1,0.30911,-0.41608,0.0096,0.0093,0.518335372611208,0.00940778667266758,14.492,0.015,14.207,0.017,20.4767061,21.66883221,19.0423979,0.1382136502,0.875209253,0.3414972302,15.67747974,0.008091988042,15.194,0.071,14.713,0.073,,,21.44827,0.240623,20.0808,0.0312,18.4967,0.0196,16.9988,0.011
2MASS J16403561+2922225,250.1485776,29.37169159,8.0,8,-1,0.04517,-0.25921,0.008,0.0089,0.263116234770871,0.00887478088465401,14.502,0.015,14.263,0.015,19.416702,21.779855,18.0810921,0.072688428,0.5928622191,0.2415294792,15.528,0.005,15.143,0.006,14.727,0.009,22.713793000000000,0.055003,21.09216,0.026504,18.7265,0.0058,17.324675,0.002567,16.3781,0.0069
2MASS J16141954-8151154,243.5652073,-81.85282074,9.0,9,-3,-0.50746,0.30319,0.023,0.0374,0.591134356724425,0.0275281746086506,14.532,0.047,14.368,0.048,17.732647,19.4869464,16.525173,0.05206415074,0.2977905883,0.09167879535,14.9701,0.0058,14.806,0.055,14.8015,0.0131,20.296492,0.01524,18.32012,0.004277,,,16.798,0.051,,
LSPM J0029+0717,7.279560968,7.282377268,7.0,7,-1,0.19374,-0.18532,0.0104,0.0093,0.26810201416625,0.00988969741222819,14.547,0.015,14.332,0.019,18.4476699,20.2582566,17.144681,0.06080551206,0.354226271,0.1363151014,15.38,0.006,15.07,0.009,14.876,0.011,20.725746,0.013964,19.155746,0.006348,17.666600000000000,0.0088,16.857191,0.001655,16.0042,0.0145
2MASS J18355309-3217129,278.9704542,-32.28743091,7.0,7,-1,-0.17334,-0.06623,0.0119,0.0133,0.185561764649941,0.012087360756818,14.547,0.017,14.345,0.02,19.1136793,20.63541655,17.5344659,0.08873106575,0.5694862665,0.2185157901,15.3742,0.0145,15.07,0.088,14.6097,0.013,,,,,18.025589,0.006716,17.465,0.014,,
VVV J12564163-6202039,194.1813912,-62.03452833,13.0,13,-1,-0.18585,0.17473,0.0147,0.017,0.255089779097478,0.015820829626731,14.562,0.018,14.591,0.026,19.581656,20.2345014,18.913519,0.07561802124,0.298150868,0.2288912263,,,,,,,20.43296,0.01137,19.625181,0.01175,19.29004,0.01195,19.238636,0.015172,18.22899,0.031386
2MASS J10353492-0711479,158.8936358,-7.1970675,17.0,17,-1,-0.40068,-0.02828,0.0105,0.0133,0.40167676158822,0.010515717959061,14.569,0.075,14.33,0.08,,,,,,,16.3483,0.0202,15.843,0.127,15.0594,0.0166,,,23.261436,0.108441,20.984375,0.039337,18.989550000000000,0.008003,17.7794,0.0694
WISEA J043535.82+211508.9,68.9010512,21.25071209,11.0,11,-2,0.86255,-0.982,0.0067,0.0071,1.30702582319555,0.00692863429717966,14.593,0.052,14.303,0.053,19.121457,21.6087691,17.6187887,0.07946804372,0.5526030861,0.1536112217,14.99444675,0.005500792991,,,,,,,21.42731,0.2410611,18.6022,0.0025,17.1736,0.0093,,
2MASS J14394298-1100430,219.9278081,-11.01321184,11.0,11,-1,-0.25792,-0.22705,0.0093,0.0113,0.343619599120888,0.0102214510692204,14.664,0.018,14.375,0.021,20.4469088,21.36187031,18.9696988,0.133326987,0.8205371234,0.3508302608,15.8841,0.0221,15.365,0.098,14.9324,0.0141,,,,,19.60089,0.009537,18.5143,0.0028,16.9882,0.0183
2MASS J11582077+0435014,179.589078,4.579627935,17.0,17,-1,0.59521,-1.01208,0.0066,0.0078,1.17412983545262,0.00750994640124518,14.668,0.1,14.587,0.126,20.6796001,21.72549296,19.0964581,0.1405644203,0.6894732569,0.3425820917,15.431,0.005,14.881,0.008,14.367,0.01,,,22.225945,0.131816,,,18.539000000000000,0.02,,
2MASS J06453153−6646120,101.3711892,-66.76406809,18.0,18,-1,-0.8747,1.2911,0.0033,0.0046,1.55949969541517,0.00423428154871091,14.678,0.084,14.225,0.078,20.89880484,21.15840981,19.2464769,0.1712355669,0.5620481521,0.3939037752,15.5345,0.0205,,,14.4974,0.0122,,,22.8125,0.07388,,,,,,
SDSS J134749.74+333601.7,206.9574294,33.6002509,10.0,10,-1,0.02801,-0.04902,0.0097,0.0113,0.0564581305039407,0.0109279397290809,14.694,0.016,14.403,0.018,20.3217182,21.5068416,18.742067,0.09952737332,0.6310931173,0.2195419488,15.846,0.009,15.46,0.009,15.267,0.017,25.257,0.428,22.46875,0.109253,19.852800000000000,0.014,17.97808,0.006351,16.8911,0.0078
LSPM J0402+1730,60.68115243,17.50333619,7.0,7,-1,0.27117,-0.0751,0.0114,0.0107,0.28137728923991,0.0113515625941963,14.702,0.017,14.447,0.02,18.7517394,20.62764963,17.4935235,0.05797672068,0.4136587864,0.164288926,15.62390995,0.00924679637,15.081,0.098,15.032,0.151,21.185000000000000,0.039,19.839,0.016,17.9921,0.011,17.2681,0.0111,,
ULAS J075335.23+200622.4,118.3966681,20.10559656,10.0,10,-1,-0.02148,-0.19026,0.0111,0.012,0.191468686734933,0.0119890927893157,14.706,0.017,14.458,0.021,20.2145237,21.41359006,18.7234617,0.1479503249,0.6544969855,0.2630591347,15.874,0.006,15.35,0.09,15.091,0.011,24.973000000000000,0.978,22.44478,0.068302,19.7098,0.0139,17.874636,0.004126,16.8285,0.0092
2MASS J12270506-0447207,186.7686019,-4.788020827,8.5,8.5,-3,-0.52374,0.28341,0.0137,0.0144,0.595503833488921,0.013861644321658,14.706,0.023,14.562,0.03,18.280538,19.9280571,17.053023,0.05723935162,0.4300342561,0.1072725481,15.4264,0.0106,15.203,0.055,15.1936,0.0164,20.874737000000000,0.01499,18.90625,0.007831,17.5117,9E-04,16.796875,0.001911,16.0205,0.0177
WISEA J114553.61-250657.1,176.4728163,-25.11607653,7.0,7,-1,-0.30977,-0.05221,0.0113,0.0135,0.314139040872032,0.0113664895901716,14.71,0.017,14.52,0.022,19.0817719,21.06223248,17.7193616,0.07377247604,0.4967043705,0.1816823239,15.6286,0.0073,15.109,0.089,14.8443,0.0107,21.75,0.04184,20.203125,0.018158,18.3292,0.007,17.4252,0.0056,16.3523,0.0064
SIPS J1512-0112,228.0735927,-1.212847181,7.0,7,-1,-0.20662,-0.7136,0.0083,0.0099,0.742911020513224,0.00978557673381001,14.727,0.067,14.559,0.07,18.3884173,20.2549723,17.053101,0.07035274549,0.471713091,0.15702959,16.806,0.133,16.591,0.232,,,20.984375,0.016861,18.141000000000000,0.007,,,18.29,0.016,,
2MASS J03361338+0010129,54.05885705,0.1692425748,7.5,7.5,-1,0.73023,-0.2133,0.0117,0.0111,0.760744860580734,0.011653950024054,14.738,0.04,14.526,0.044,18.6076443,21.22372565,17.24317,0.07196378783,0.5826958315,0.1592530633,15.23,0.004,14.837,0.005,14.499,0.009,21.326900000000000,0.0325,19.9492,0.0309,17.8333,0.0049,16.828125,0.002979,15.8655,0.0326
2MASS J00412179+3547133,10.34016043,35.78656143,10.5,10.5,-1,-0.10441,-0.07061,0.0105,0.0101,0.126044516739127,0.0103761312654799,14.742,0.016,14.456,0.018,20.72045133,21.65318399,19.0556059,0.121984284,0.7658501635,0.3078438572,16.01168633,0.01198229473,15.728,0.152,15.166,0.121,24.291,0.539,23.071,0.315,20.2119,0.0445,18.7016,0.0146,17.1873,0.0108
WISEA J011639.05−165420.5,19.1638417,-16.90569849,10.0,10,-1,0.65486,0.07427,0.0111,0.0104,0.659058155628166,0.0110913874567808,14.755,0.026,14.441,0.03,20.064968,21.71854322,18.5132509,0.09290731177,0.7233067067,0.2106587098,15.807,0.062,15.334,0.089,14.971,0.128,,,22.149157,0.033546,19.207401,0.004141,17.7455,0.002399,16.597161,0.005147
2MASS J15522538+0951585,238.1045863,9.864878332,7.0,7,-1,-0.26711,-0.26561,0.0096,0.011,0.376691417741366,0.0103198253258985,14.772,0.016,14.556,0.02,19.4766567,21.38624167,18.057858,0.09915762118,0.5563133547,0.176781921,15.923,0.088,15.36,0.082,15.164,0.147,22.30545,0.050989,20.914293,0.014475,18.515625,0.005293,17.467554,0.002471,16.5174,0.0046
2MASS J12451711+6016103,191.3182143,60.26814905,8.5,8.5,-1,-0.31649,-0.24649,0.0085,0.0093,0.401152390245901,0.0088105833197648,14.775,0.018,14.567,0.02,18.8514755,20.84005527,17.5242388,0.06656304613,0.4516144642,0.1589223676,15.663,0.056,15.297,0.104,15.086,0.115,21.696810000000000,0.127662,19.90735,0.052726,18.0728,0.0043,17.140625,0.00891,16.2649,0.0042
LSPM J1351+5506,207.8669205,55.11504469,7.0,7,-2,-0.27429,-0.1649,0.0094,0.01,0.320042206747798,0.0095629572596643,14.78,0.015,14.641,0.017,18.4486775,20.056671,17.24546,0.05703108804,0.3532851673,0.1487035953,15.6057024,0.008287245408,15.135,0.084,15.068,0.127,20.858503000000000,0.060651,19.012447,0.026302,17.6907,0.009,17.020073,0.007065,16.2338,0.0133
2MASS J20115649-6201127,302.9884639,-62.0220857,8.0,8,-1,0.3169,-0.443,0.0149,0.0162,0.544678446425044,0.0157719457911237,14.782,0.082,14.515,0.083,19.6761379,21.61632333,18.1739492,0.08112780026,0.5752750861,0.2040118522,15.4936,0.0065,15.099,0.092,14.7312,0.009,,,,,,,17.944,0.031,16.412875,0.01181
2MASS J15561873+1300527,239.0773986,13.01468753,8.0,8,-1,-0.13146,0.03612,0.0103,0.0118,0.136331896487946,0.0104123452685437,14.792,0.017,14.517,0.019,20.3555599,21.62358015,18.8640153,0.0971202116,0.5533159186,0.2244672458,15.98165703,0.01345499512,15.779,0.157,14.846,0.102,24.664,0.587,22.518522,0.069851,19.8637,0.0092,18.037422,0.004447,16.9787,0.006
2MASS J00554279+1301043,13.92786475,13.01699983,7.0,7,-1,-0.07295,-0.20117,0.0138,0.0131,0.213988484269598,0.0131832608541849,14.811,0.017,14.593,0.025,19.216537,21.16825604,17.88846,0.0742133205,0.6113638659,0.1831999836,15.783,0.007,15.283,0.008,14.926,0.011,21.984917000000000,0.029273,20.397875,0.013349,18.4718,0.006,17.401169,0.002709,16.4857,0.0106
2MASS J14120397+1216100,213.0157721,12.26922495,15.0,15,-1,-0.27206,-0.00945,0.0097,0.0113,0.272224073329307,0.00970208689881666,14.82,0.016,14.525,0.02,,,,,,,16.325,0.01,15.851,0.014,15.43,0.015,25.535,0.561,23.328125,0.187866,21.349800000000000,0.0341,18.953125,0.011337,17.7517,0.0305
2MASS J12191495+0810307,184.8109254,8.173516877,7.0,7,-1,-0.26189,-0.34105,0.0121,0.0136,0.430001714647744,0.0130637080304479,14.826,0.017,14.564,0.022,19.4372017,21.18603862,18.0239158,0.08581405528,0.564191054,0.1966160737,15.74,0.007,15.34,0.008,14.936,0.011,22.317580000000000,0.053391,20.789137,0.025927,18.7056,0.0087,17.42852,0.003873,16.4959,0.0198
LHS 1265,23.74580671,-9.081123311,9.5,9.5,-2,-0.09488,-0.61823,0.0119,0.0176,0.625468262424242,0.0174897304412914,14.827,0.063,14.687,0.065,17.95098,19.414793,16.801009,0.0503355169,0.2599952278,0.1111979168,15.2483,0.0037,,,14.551,0.006,19.9375,0.016403,18.390625,0.006561,17.1875,0.004707,16.671875,0.003674,15.8035,0.007305
WISEA J030119.39−231921.1,45.33128496,-23.32285518,21.0,21,-1,0.24571,-0.11959,0.0097,0.0094,0.273267583514767,0.00964326666654777,14.851,0.018,14.117,0.016,,,,,,,16.5853,0.0131,15.8,0.158,15.579,0.234,,,,,22.389727,0.047452,19.551702,0.00938,18.057633,0.015772
2MASS J14183233+0253259,214.6347632,2.889065688,10.0,10,-1,-0.02447,-0.27219,0.0099,0.0107,0.273287718348264,0.0106938241534773,14.852,0.016,14.478,0.019,20.5511138,20.51125369,19.0615397,0.1456180577,0.8402485777,0.3078834872,15.999,0.01,15.6398,0.0099,15.185,0.013,,,22.441738,0.070582,20.098300000000000,0.0137,18.142225,0.005109,17.0604,0.0084
WISEA J101329.72−724619.2,153.3719566,-72.7714465,12.0,12,-1,-0.37295,0.3926,0.0095,0.0106,0.541503889644387,0.0100931730321875,14.919,0.061,14.627,0.061,20.8880499,20.40232118,19.233377,0.1618210765,0.9680921469,0.3867806532,15.9335,0.0356,15.437,0.106,14.9374,0.022,,,22.905066,0.084857,,,18.870000000000000,0.025,,
2MASS J15412408+5425598,235.3495718,54.4328557,7.5,7.5,-1,-0.11732,-0.06667,0.0081,0.0097,0.134940250851997,0.00851834078618804,14.943,0.014,14.773,0.016,20.1330848,21.77821974,18.680354,0.0993521486,0.6393981001,0.2521975779,16.05264473,0.01138958149,15.67,0.167,15.354,0.171,23.152,0.233,21.9089,0.159,19.46,0.0165,17.94386,0.010503,17.0017,0.0126
LSPM J2331+4607N,352.8253266,46.12521318,7.0,7,-1,-0.18407,-0.14054,0.0189,0.0177,0.23158855001921,0.0184671493290583,15.031,0.024,14.874,0.029,19.7208788,21.42456605,18.2971752,0.09119697827,0.4674712122,0.2075199319,,,15.564,0.13,15.177,0.135,22.794,0.135,21.375,0.0759,18.9767,0.0136,17.964400000000000,0.0082,16.806,0.0063
2MASS J05325346+8246465,83.30305084,82.77126852,17.0,17,-2,2.0993,-1.7627,0.0099,0.0102,2.74119896760523,0.0100251387027962,15.044,0.042,14.529,0.045,,,,,,,,,,,,,,,,,20.3119,0.057,18.0932,0.0022,16.3137,0.0034
2MASS J16403197+1231068,250.1320587,12.51773027,10.0,10,-2,-0.22658,-0.12504,0.0128,0.0141,0.258792383968308,0.0131150206480365,15.071,0.018,14.889,0.024,19.8144503,21.57960499,18.3657421,0.08205887423,0.5922405686,0.1788691728,15.94800949,0.01014014799,15.605,0.112,15.52,,23.161,0.229,21.834099,0.04893,,,17.734375,0.006168,16.8084,0.044
LSPM J0330+3504,52.57286347,35.08265178,7.0,7,-1,0.19356,-0.10457,0.0157,0.0146,0.220000814771219,0.015458327736251,15.082,0.019,14.894,0.03,19.031136,20.50905917,17.8728005,0.08171796419,0.3976713455,0.2101734553,16.003,0.105,15.342,0.134,15.327,0.149,20.9002,0.0368,19.4267,0.0069,18.3202,0.0076,17.7914,0.008,16.9001,0.0144
2MASS J02053376+1238242,31.39037807,12.63856366,8.0,8,-1,-0.02414,-0.29849,0.0143,0.0135,0.299464554997749,0.0135053514149693,15.104,0.018,14.905,0.028,18.9369242,20.98216283,17.6895075,0.08611666182,0.5595958046,0.2278380831,15.872,0.008,15.709,0.012,15.59,0.018,21.572200000000000,0.030051,19.743183,0.010044,18.1649,0.0044,17.353937,0.002788,,
LEHPM 2-59,73.04185224,-22.75614993,8.5,8.5,-2,0.02071,-0.822,0.0148,0.0125,0.822260849183518,0.0125015931760603,15.106,0.047,14.929,0.05,18.3813057,20.1513357,17.137067,0.05067367923,0.3055267421,0.1136998525,15.4407,0.0069,,,15.164,0.0143,20.930174,0.019259,19.08701,0.006187,17.444798000000000,0.003094,16.866398,0.002772,16.006625,0.005373
2MASS J12204296+6205315,185.1740934,62.09064267,7.0,7,-1,-0.56462,-0.27157,0.0164,0.0104,0.626534922649967,0.0154515183737821,15.112,0.099,14.935,0.106,19.118351,21.43486109,17.689398,0.07161692641,0.5983044071,0.1614301905,15.433,0.053,14.83,0.061,14.73,0.085,22.40625,0.217041,20.675045,0.061895,,,17.125,0.011765,,
ULAS J033351.10+001405.8,53.46522859,0.2346153957,10.0,10,-2,0.65453,-0.05021,0.0148,0.0145,0.656453018120871,0.0147982626160714,15.148,0.019,14.849,0.028,19.9037227,21.65653913,18.4814558,0.1040819708,0.6625572852,0.2516008044,,,,,,,23.397453000000000,0.128879,21.703125,0.06665,19.1844,0.0091,18.0082,0.0162,16.8783,0.0466
2MASS J08220659+0441026,125.527756,4.683248917,10.5,10.5,-1,0.0312,-0.175,0.013,0.0146,0.177759500449343,0.0145533357428855,15.18,0.019,14.933,0.029,20.74902243,22.27534303,19.3099496,0.1790706961,0.6905565622,0.4694661617,16.34,0.009,15.988,0.017,15.57,0.019,24.491000000000000,0.487,22.974775,0.066992,20.325400000000000,0.0265,18.410751000000000,0.006029,17.3474,0.0213
2MASS J04470652-1946392,71.7795033,-19.7793746,7.0,7,-1,0.58608,-0.455,0.0147,0.0239,0.741966822977955,0.01869854021099,15.181,0.112,14.922,0.107,18.6868626,20.61595428,17.353582,0.05206879846,0.4407844867,0.1137854445,15.425,0.0067,,,14.8655,0.0115,21.421875,0.035614,19.78125,0.011497,17.703125,0.004429,16.96875,0.004128,16.065587,0.007347
WISEA J000430.66−260402.3,1.127868278,-26.06823733,22.0,22,-1,0.02852,-0.28664,0.0127,0.0124,0.288055341904989,0.012402976037216,15.193,0.019,14.169,0.018,,,,,,,16.2271,0.0172,15.587,0.129,15.5602,0.0251,,,,,,,20.1159,0.0326,17.9862,0.0321
ULAS J023803.12+054526.1,39.5133487,5.756697224,10.0,10,-1,0.15623,-0.16113,0.0157,0.0152,0.224434154709126,0.0154443035039735,15.27,0.02,15.008,0.03,,,,,,,16.429,0.012,16.018,0.016,15.588,0.018,24.612000000000000,0.431,22.840523,0.09099,20.4691,0.0163,18.539679,0.005604,,
2MASS J14351706-0147115,218.821937,-1.787506445,9.0,9,-1,0.0852,-0.19087,0.0134,0.0161,0.2090224794131,0.0156836338345007,15.294,0.019,15.098,0.03,20.4482792,21.30798954,18.9881818,0.1273322309,0.7640907603,0.3367078192,16.389,0.014,15.969,0.016,15.62,0.021,24.941000000000000,0.655,22.978,0.22,19.761400000000000,0.0165,18.3125,0.018951,17.2691,0.0133
2MASS J01151621+3130061,18.82133335,31.50103059,8.0,8,-1,0.66739,-0.10854,0.0154,0.0155,0.676158519653491,0.0154025849604376,15.319,0.059,15.073,0.068,20.3624091,20.93667722,18.775986,0.1300661356,0.7147371132,0.3150940164,16.04317284,0.01180943567,,,,,24.0625,0.197144,22.100246,0.052237,20.0744,0.0,18.0625,0.006859,17.0535,0.0044
SDSS J125637.13−022452.4,194.1521719,-2.416142633,13.0,13,-3,-0.4783,-0.31155,0.0151,0.017,0.570818966485873,0.0156900741906534,15.342,0.02,15.074,0.033,19.9993361,21.51160322,18.5317043,0.09764623056,0.5602180284,0.2602790307,,,16.078,0.016,,,,,21.8439,0.161,19.4514,0.0172,18.0951,0.0212,16.8762,0.0105
SDSS J101200.28+204611.6,153.0001087,20.76888092,8.0,8,-2,-0.32111,-0.26051,0.0165,0.0182,0.413493763193594,0.0171949043640842,15.382,0.02,15.203,0.033,19.0389911,20.62442662,17.8286667,0.08007847551,0.4288372527,0.1759842978,16.11390114,0.01121602394,15.692,0.093,15.693,0.176,21.614800000000000,0.030352,19.727573,0.009841,18.3006,0.009,17.5625,0.003928,16.6118,0.0317
LSR J0822+1700,125.6422201,17.0027582,7.5,7.5,-3,0.34878,-0.635,0.0163,0.019,0.724480840602428,0.0184095193388353,15.392,0.067,15.076,0.073,18.6398509,20.3140506,17.414602,0.06158683501,0.4339039667,0.1497056714,15.83105564,0.008803260513,,,,,,,19.25568,0.06282169,17.8701,0.0064,17.1875,0.002666,16.3557,0.0234
LEHPM 1-3365,52.66630616,-23.81269768,7.0,7,-1,0.67502,0.0076,0.0163,0.0097,0.675062782561741,0.0162993328132299,15.402,0.081,15.168,0.085,18.5423248,20.206454,17.328288,0.05012907431,0.2867165562,0.1280488347,15.6629,0.008,,,15.0851,0.0126,20.874489,0.009665,19.175817,0.003158,17.668915000000000,0.001826,17.101242,0.001455,16.257088,0.004018
ULAS J134852.93+101611.8,207.2201443,10.26953808,10.0,10,-1,-0.31895,-0.23526,0.0148,0.0172,0.396328613779021,0.0156876119505269,15.433,0.021,15.094,0.03,,,,,,,16.691,0.01,16.32,0.012,15.871,0.018,24.481,0.473,,,20.6937,0.0237,18.84375,0.013084,17.8227,0.0277
2MASS J08554875+3636020,133.9528746,36.59997543,7.0,7,-2,-0.05473,-0.125,0.0158,0.0171,0.136456487203797,0.0168976267197284,15.481,0.019,15.365,0.038,19.199188,20.72084932,18.0276018,0.07267065204,0.4232722498,0.2011098252,16.40632057,0.01240975503,16.044,0.183,15.823,0.22,21.59375,0.149048,19.722794,0.040841,18.468400000000000,0.0051,17.853638,0.009565,16.9658,0.013
WISE J102757.73+340143.6,156.9904903,34.02769742,8.5,8.5,-1,-0.08809,-0.52004,0.0165,0.0189,0.527448054029968,0.0188372030390756,15.524,0.02,15.304,0.038,19.3457974,21.23991837,18.0226205,0.08493164415,0.5038692462,0.201381071,16.19814301,0.01116523705,15.797,0.161,15.892,0.287,21.968502,0.09031,20.308422,0.023833,18.5819,0.004,17.700068000000000,0.004582,16.8272,0.0082
SDSS J110651.29+044814.9,166.7132139,4.802570604,8.5,8.5,-1,-0.10406,-0.2872,0.0176,0.0222,0.305470659147487,0.0217162237388065,15.541,0.022,15.424,0.044,19.5314966,21.22611466,18.3051251,0.1176842376,0.6523397626,0.2594351228,16.301,0.009,15.778,0.147,15.797,0.021,22.403904,0.041465,20.540821,0.014085,18.55162,0.005936,17.859375,0.00357,17.0042,1E-04
2MASS J08121049+3723223,123.0428819,37.38828661,7.0,7,-2,-0.14531,-0.217,0.0168,0.0186,0.261158947960816,0.018061926417373,15.545,0.022,15.312,0.036,19.1686133,20.72417277,18.002449,0.07965046275,0.4660090451,0.2004693574,16.32990646,0.01408106368,16.173,0.226,15.533,0.183,21.493626000000000,0.108268,19.754688,0.038235,18.413700000000000,0.0086,17.754480000000000,0.009121,,
ULAS J124425.75+102439.3,191.1060521,10.40909012,10.5,10.5,-2,-0.44098,-0.55784,0.0178,0.0191,0.711089886020045,0.0186107928017052,15.563,0.027,15.351,0.052,20.1270393,21.49902074,18.6969153,0.09093244371,0.522514606,0.2050624211,,,,,,,,,22.065504,0.054329,19.078037000000000,0.007328,18.008429,0.005378,17.0556,0.0147
2MASS J13334822+2735115,203.4512836,27.58373044,11.0,11,-1,0.02176,-0.60955,0.0193,0.0213,0.609938275647626,0.0212975738526631,15.564,0.023,15.44,0.04,,,,,,,16.616,0.013,16.27,0.017,15.976,0.021,24.773000000000000,0.653,,,20.331200000000000,0.0185,18.695578000000000,0.008995,17.7295,0.0346
2MASS J01423153+0523285,25.6343421,5.390388381,8.5,8.5,-1,0.66172,-0.22253,0.0199,0.0215,0.698135344542876,0.0200683843077507,15.594,0.117,15.465,0.131,19.2394744,20.8285983,17.8498267,0.07757546967,0.619770906,0.2262692191,15.83,0.008,15.47,0.01,15.276,0.016,22.0653,0.1931,20.566,0.0288,18.4921,0.0048,17.531500000000000,0.0061,16.524,0.0083
BRLT 283,229.2071193,8.602141317,15.0,15,-1,-0.19408,0.04836,0.0184,0.0208,0.200014339485948,0.0185488492706839,15.628,0.022,15.354,0.038,,,,,,,17.349,0.019,16.705,0.025,16.258,0.029,24.455000000000000,0.542,24.18,0.546,21.980095000000000,0.097452,20.191027,0.019397,18.9399,0.0517
ULAS J115826.62+044746.8,179.6109188,4.795293676,9.5,9.5,-1,-0.00887,-0.21555,0.0223,0.0263,0.215732425471926,0.0262937514608098,15.638,0.023,15.508,0.045,20.1794044,21.45246786,18.725952,0.100504847,0.5984934334,0.2435145102,16.504,0.01,16.129,0.02,15.844,0.031,23.729397000000000,0.113672,21.845472,0.038775,19.4891,0.0109,18.185259,0.003124,17.2575,0.0111
2MASS J04524567-3608412,73.19119714,-36.14563597,10.0,10,-2,0.15887,-0.185,0.017,0.0164,0.243853802307858,0.0166573089826492,15.65,0.02,15.477,0.034,20.048372,21.56576816,18.6312692,0.09536500192,0.7404520346,0.2123780589,16.4658,0.0136,16.121,0.169,15.9539,0.0376,23.42979,0.062154,21.613522,0.015871,18.953186000000000,0.003929,18.062494000000000,0.003668,17.199416,0.011185
ULAS J134423.98+280603.8,206.0991861,28.10115517,14.0,14,-1,-0.39684,0.08972,0.0173,0.0207,0.406855827044421,0.0174806435043737,15.651,0.022,15.384,0.034,,,,,,,17.189,0.02,16.723,0.029,16.129,0.028,25.384,0.499,24.217,0.513,22.078100000000000,0.0852,19.984375,0.029724,18.6684,0.0469
SDSS J105102.32+133346.9,162.7587813,13.5619333,7.5,7.5,-1,-0.17721,-0.19828,0.0194,0.0229,0.265929205804853,0.021416500758177,15.695,0.024,15.42,0.045,19.661909,21.00030586,18.4630559,0.1007103117,0.5887795891,0.294607386,16.796,0.012,16.347,0.017,16.223,0.039,21.800385000000000,0.030923,20.204401,0.012424,18.764812000000000,0.004825,18.229595,0.004955,,
ULAS J143154.18-004114.3,217.9751754,-0.6879800651,9.0,9,-1,-0.08598,-0.22519,0.0214,0.0242,0.241045839001631,0.0238620000484091,15.736,0.089,15.612,0.102,,,,,,,17.193,0.031,16.844,0.037,16.484,0.048,22.272000000000000,0.165,20.986,0.071,20.5041,0.032,19.015625,0.04953,18.1692,0.0509
2MASS J21340795+7132312,323.540723,71.54418684,10.5,10.5,-3,0.46985,0.42084,0.0289,0.0243,0.63076566813675,0.0269494899967422,15.747,0.055,15.746,0.076,19.8414351,21.5284337,18.4328534,0.09402592102,0.5971180789,0.2058047433,,,,,,,21.75213,0.241258,,,19.1533,0.0116,,,17.2305,0.0917
SDSS J153037.83+495205.7,232.6562947,49.86798074,7.0,7,-1,-0.21438,0.01045,0.0136,0.0161,0.21463454265332,0.0136064693048839,15.751,0.019,15.615,0.03,19.769559,21.25908043,18.479185,0.08744982433,0.4924966093,0.2667998457,16.62836456,0.01613444649,16.034,0.203,15.545,0.244,22.000600000000000,0.0785,20.60857,0.074461,18.9826,0.0051,18.171673,0.011845,17.3206,0.0138
SDSS J141405.74−014202.7,213.5231801,-1.701737248,10.0,10,-2,-0.19878,-0.12556,0.0245,0.0276,0.235114444473325,0.0254226683398695,15.762,0.031,15.562,0.048,20.6017528,21.54758244,19.1983108,0.1417416478,0.7976044931,0.381089229,16.807,0.024,16.455,0.027,16.143,0.031,24.962000000000000,0.629,22.339556,0.073758,19.8828,0.0136,18.513214000000000,0.004415,17.567,0.0151
SDSS J133837.01-022908.4,204.6540511,-2.486847257,17.0,17,-1,-0.08758,-0.24673,0.0216,0.0244,0.261812813475582,0.0241028493415182,15.774,0.026,15.655,0.048,,,,,,,17.374,0.033,16.813,0.042,16.367,0.045,,,,,21.965836,0.034824,20.027775,0.024296,18.7741,0.0061
ULAS J230443.30+093423.9,346.1803191,9.573184128,10.0,10,-1,-0.01656,-0.06706,0.0221,0.0218,0.0690744323176094,0.0218173545145527,15.793,0.024,15.453,0.046,,,,,,,17.229,0.022,16.744,0.027,16.275,0.03,24.402,0.616,23.345,0.425,21.5169,0.0697,19.549383,0.014411,18.382,0.0197
ULAS J125226.62+092920.1,193.1097416,9.488567442,10.5,10.5,-1,-0.30201,0.02568,0.0245,0.0292,0.303099822665735,0.0245369459980705,15.826,0.026,15.498,0.044,,,,,,,16.868,0.02,16.467,0.024,16.047,0.03,24.231,0.462,23.350937000000000,0.118097,20.4154,0.015305,18.945265,0.00671,,
SDSS J105717.29+462102.3,164.3217853,46.34828983,7.0,7,-2,-0.04884,-0.54516,0.019,0.0209,0.547343375953341,0.020885554522433,15.836,0.023,15.736,0.045,19.3667111,20.72841284,18.1510273,0.07382174703,0.4194706381,0.2016115874,16.55336952,0.01358868182,,,,,21.8125,0.198364,19.964544,0.051441,18.593600000000000,0.0045,17.937103,0.009187,,
SDSS J135053.40+235024.3,207.7211713,23.83962863,7.0,7,-1,-0.37718,-0.10966,0.0208,0.0244,0.392797744392709,0.0211026619563167,15.863,0.024,15.766,0.05,19.5668767,20.8247931,18.4534315,0.07249513888,0.3914969771,0.2019563289,16.89,0.015,16.474,0.022,16.287,0.033,21.655407,0.023323,19.935984,0.012187,,,18.286816000000000,0.005793,17.501,0.0758
SDSS J105012.58+085122.6,162.5527149,8.854611774,7.0,7,-1,0.1002,-0.41595,0.0211,0.0252,0.427848621009815,0.0249925656753433,15.866,0.025,15.571,0.048,19.8905104,21.01888992,18.597616,0.1485423576,0.7393310831,0.3102562335,16.597,0.019,16.271,0.027,16.109,0.032,22.755749,0.07077,20.947977,0.026739,18.904343,0.004431,18.179737,0.006169,17.2905,0.0055
ULAS J010756.85+100811.3,16.98634968,10.13772503,7.0,7,-1,-0.0292,-0.03392,0.0258,0.025,0.0447571938351814,0.0253435970767021,15.869,0.027,15.69,0.05,,,,,,,,,,,,,21.171875,0.039612,20.101124,0.020812,19.722767,0.028468,19.381900000000000,0.019269,,
2MASS J00575687+2013075,14.49217239,20.21686909,17.0,17,-1,1.28097,-0.45816,0.0145,0.014,1.36043916677667,0.0144441619849886,15.899,0.036,15.502,0.051,,,,,,,16.11608696,0.01063714921,,,,,23.351000000000000,0.475,22.578125,0.126709,20.88678,0.1869531,18.79843,0.009718,,
2MASS J22590210+1156035,344.758953,11.93378609,10.0,10,-1,0.03948,-0.11591,0.0248,0.0251,0.122449167004108,0.0250689809038444,15.919,0.027,15.685,0.051,,,,,,,17.046,0.017,16.633,0.028,16.206,0.031,25.548000000000000,0.882,23.828836,0.145262,21.1627,0.0212,19.285530000000000,0.008944,18.1234,0.0105
SDSS J105047.16+242241.9,162.6966654,24.37656614,8.0,8,-2,0.06145,-0.46145,0.022,0.0266,0.465523581572405,0.026526676725033,15.929,0.025,15.935,0.065,19.618694,21.08195324,18.3561903,0.08535489474,0.6261333363,0.2316947601,16.68575287,0.01964562759,,,,,22.1875,0.054535,20.3125,0.021713,18.8364,0.0156,18.09375,0.008324,17.2582,0.0244
2MASS J13512249+1419168,207.8409675,14.3201687,7.0,7,-2,-0.57244,-0.31595,0.0239,0.0271,0.653843984525361,0.0246843541076993,15.933,0.091,15.644,0.096,19.9525458,21.52283863,18.5699516,0.09683912678,0.6009991961,0.2174373709,16.329,0.008,15.953,0.016,15.59,0.015,23.203125,0.11554,21.515625,0.062988,19.2197,0.0065,18.1659,0.0072,17.017,0.0096
ULAS J124947.04+095019.8,192.445471,9.838254,11.0,11,-1,-0.29759,-0.26282,0.0241,0.0289,0.397031687022585,0.0263113391571766,15.944,0.027,15.803,0.06,20.95066108,21.55811796,19.4862824,0.1589338445,0.7833874572,0.4634468568,16.827,0.025,16.4,0.026,16.124,0.035,24.189,0.581,23.578125,0.163208,19.988234000000000,0.01315,18.751574000000000,0.005636,17.7285,0.0202
ULAS J230256.53+121310.2,345.7354299,12.21878617,10.0,10,-1,-0.11876,-0.15647,0.0315,0.0266,0.196435227237886,0.0284889032627762,15.986,0.031,15.679,0.052,,,,,,,17.491,0.031,,,16.732,0.049,24.785,0.525,24.728,0.825,21.2587,0.0421,19.552135,0.019837,18.4476,0.0373
SDSS J094503.44+103600.2,146.2648157,10.59882434,8.5,8.5,-1,0.16203,-0.327,0.0274,0.0299,0.364942078828956,0.0294239997431309,15.992,0.026,15.892,0.058,20.2637262,20.9474512,18.9048069,0.1024974772,0.6142542872,0.2658319565,16.892,0.131,16.52,0.029,16.231,0.028,23.016977,0.077012,21.410631,0.036334,19.25,0.015717,18.457943,0.005921,17.5436,0.0429
ULAS J021642.96+004005.7,34.17889215,0.667952569,14.0,14,-1,-0.05027,-0.11146,0.0273,0.0256,0.122271846718695,0.0258951907534186,15.995,0.027,15.83,0.051,,,,,,,17.303,0.03,16.961,0.043,16.506,0.04,24.878,1.054,23.66299,0.110188,21.524279,0.018381,19.827791000000000,0.008144,18.59324,0.01907
ULAS J141623.94+134836.3,214.09995,13.81029374,27.5,27.5,-1,0.07998,0.11289,0.0073,0.0092,0.138350831222657,0.00861179444076727,16.021,0.031,12.831,0.011,,,,,,,17.338,0.017,17.654,0.031,,,,,,,,,20.928728,0.053072,,
WISE J134555.25+022247.2,206.4801149,2.37924276,7.5,7.5,-2,-0.03036,-0.26285,0.0259,0.029,0.264597528522093,0.0289613430517533,16.072,0.029,15.944,0.063,19.7504448,21.07673309,18.525396,0.07742873484,0.4698572211,0.2093664914,16.782,0.019,16.437,0.024,16.252,0.034,22.165178,0.035841,20.383856,0.013429,18.9865,0.0088,18.25,0.004279,17.3857,0.0128
WISE J103658.89+033620.4,159.2453737,3.604723481,7.0,7,-1,-0.01252,-0.3875,0.0279,0.0325,0.387702205822974,0.0324955421719423,16.081,0.03,15.89,0.064,20.1460076,21.2521898,18.7888155,0.1147340577,0.7057410004,0.3151217241,16.803,0.021,16.426,0.028,16.14,0.038,22.777780000000000,0.051856,21.192282,0.021989,19.179724,0.006176,18.40625,0.005157,17.5101,0.006
SDSS J130852.73+391142.8,197.2185491,39.19476863,7.0,7,-1,-0.27244,-0.05902,0.0248,0.0281,0.278759598937866,0.0249572721403934,16.104,0.025,15.857,0.049,20.0904971,21.10794285,18.8502256,0.09071819558,0.5080884383,0.2559360982,16.99470711,0.02161490917,,,,,22.047900000000000,0.1077,20.858335,0.088241,19.3126,0.0099,18.530333,0.007408,17.6364,0.034
ULAS J123142.99+015045.4,187.9285314,1.845818069,10.0,10,-1,-0.15172,0.04347,0.0288,0.0331,0.157824583953198,0.0291484554120341,16.116,0.03,15.903,0.063,,,,,,,17.541,0.03,17.206,0.039,16.779,0.047,23.009285000000000,0.108831,22.404362,0.079924,21.3149,0.0431,19.930900000000000,0.0243,18.5509,0.0238
SDSS J130615.20+045908.8,196.5635423,4.984276458,7.0,7,-1,-0.0133,-0.3708,0.026,0.0303,0.371038448142507,0.0302948665838921,16.121,0.029,15.984,0.068,20.2182658,21.57095301,18.9440052,0.1108748187,0.6015429443,0.3022373202,17.074,0.02,16.637,0.033,16.401,0.043,22.62281,0.059341,21.000116,0.02235,19.234375,0.007958,18.58101,0.006476,17.7243,0.0032
ULAS J135216.31+312327.0,208.0671152,31.39039282,10.5,10.5,-2,-0.44029,-0.08662,0.0271,0.0305,0.44872966082041,0.0272343055884345,16.153,0.028,16.008,0.057,20.6879983,21.37669784,19.2422379,0.1294521721,0.6723596939,0.3460381597,16.925,0.018,16.656,0.035,16.407,0.042,24.237000000000000,0.476,22.881,0.241,19.9541,0.0159,18.6875,0.016571,17.7261,0.0347
ULAS J135359.58+011856.7,208.4980901,1.316158168,10.0,10,-1,-0.097,-0.04158,0.0272,0.032,0.105536232640738,0.0279990920426058,16.156,0.046,15.943,0.073,,,,,,,17.356,0.029,16.893,0.032,16.524,0.041,25.321,1.4,22.838,0.427,21.4907,0.0439,19.58642,0.011006,18.4489,0.0265
ULAS J145234.65+043738.4,223.1441295,4.626470708,10.5,10.5,-2,-0.06673,-0.24495,0.0279,0.031,0.253876732687342,0.0307958666276798,16.198,0.031,15.928,0.058,,,,,,,17.284,0.032,16.789,0.038,16.618,0.057,26.263,0.518,22.539,0.204,20.413410000000000,0.02296,19.26185,0.008768,18.3117,0.0382
SDSS J141053.86+621742.6,212.7230415,62.29518255,8.0,8,-2,-0.18783,0.10075,0.0212,0.0233,0.213144719380988,0.0216868510386137,16.216,0.022,16.2,0.051,19.9402196,21.2249732,18.6982445,0.09208148598,0.5090075858,0.2627202799,16.918,0.164,16.499,0.208,16.247,,21.587300000000000,0.1445,20.487514,0.054857,19.1703,0.0089,18.508587,0.013845,17.6619,0.0132
ULAS J154638.34-011213.0,236.6597586,-1.204287123,13.0,13,-1,-0.06154,-0.16016,0.0315,0.0389,0.171576213969186,0.038028803292655,16.232,0.033,16.144,0.074,,,,,,,17.509,0.04,17.206,0.049,16.949,0.077,,,,,21.6875,0.077026,20.3646,0.0742,18.685,0.0497
SDSS J120214.61+073113.7,180.5612054,7.519090175,7.0,7,-2,-0.10148,-0.27908,0.0378,0.0446,0.296957634688856,0.043860293087973,16.248,0.034,15.964,0.072,20.2158826,20.9174964,19.0158225,0.1029414222,0.5323222559,0.3151060713,17.447,0.029,17.041,0.033,16.902,0.051,22.15874,0.078194,20.485294,0.026199,19.4128,0.008,18.866982,0.009777,18.0201,0.0388
SDSS J125938.97+493404.2,194.9114312,49.56724137,7.0,7,-2,-0.09258,-0.1276,0.0266,0.0285,0.157647760529606,0.0278593841161702,16.253,0.027,16.117,0.06,20.0488093,21.46119252,18.8971326,0.08984512215,0.516865013,0.2288859726,17.1511898,0.02638453245,,,,,21.9419,0.0748,20.644327,0.059687,19.288500000000000,0.0124,18.629927,0.014498,17.8007,0.0131
SDSS J143645.25+310914.7,219.187743,31.1535686,7.0,7,-2,-0.21005,-0.07613,0.0252,0.0294,0.22342063333542,0.0257228705225743,16.257,0.029,15.926,0.051,19.8319728,21.154002,18.6478322,0.08408244523,0.4709326093,0.2481931362,16.98757935,0.03301159292,,,,,22.025177000000000,0.03201,20.337029,0.013742,19.0895,0.0053,18.423940000000000,0.005979,17.5838,0.0195
ULAS J024035.36+060629.3,40.14795263,6.107014527,7.0,7,-1,-0.01196,-0.10484,0.035,0.0341,0.105519984836997,0.0341117126326398,16.283,0.034,16.01,0.072,,,,,,,,,,,,,24.327,0.504,22.770643,0.078938,,,20.95909,0.045694,,
ULAS J002009.34+160451.1,5.039417426,16.08069421,9.0,9,-1,0.19354,-0.06223,0.0355,0.0352,0.203298560004738,0.0354719982849295,16.294,0.032,16.123,0.072,,,,,,,17.321,0.025,,,,,24.71,0.505,23.448727,0.137945,20.7575,0.0221,19.191452000000000,0.007947,18.0954,0.0226
ULAS J131705.66+091016.9,199.2732741,9.169844257,7.0,7,-2,-0.05168,-0.32106,0.029,0.0342,0.325192782822743,0.0340784373772297,16.301,0.031,16.165,0.074,,,,,,,17.311,0.025,16.94,0.034,16.738,0.049,22.400797,0.067284,20.6226,0.0297,19.15625,0.011253,18.7792,0.0104,17.9119,0.0189
ULAS J150457.65+053800.8,226.2390864,5.632630528,25.5,25.5,-1,-0.6443,-0.50402,0.0174,0.0193,0.818021179676908,0.0181447502229716,16.301,0.034,14.421,0.019,,,,,,,16.591,0.016,17.051,0.037,17.413,0.093,,,,,,,20.203125,0.065857,18.7042,0.0138
WISEA J071121.36-573634.2,107.838935,-57.609644,20.0,20,-1,-0.03813999891,0.02270000055,-0.007000000216,0.02470000088,0.0443841136199069,0.0139916855752892,16.31599998,0.02300000004,16.2310009,0.05099999905,,,,,,,,,,,,,,,,,,,,,,
SDSS J080301.12+354848.5,120.7546982,35.81122234,7.5,7.5,-2,0.02082,-0.524,0.0332,0.0367,0.524413455586334,0.0366947459518802,16.321,0.036,16.07,0.078,19.8646751,21.2607611,18.6966061,0.09821979721,0.5095862642,0.3122899508,17.0652504,0.02451972663,,,,,22.0625,0.196167,20.319635,0.048153,19.1251,0.0072,18.518616000000000,0.010746,17.8185,0.1418
ULAS J134206.86+053724.9,205.5288103,5.62411342,10.5,10.5,-1,-0.1378,-0.239,0.0296,0.0341,0.275880118892246,0.0330347234473412,16.327,0.032,16.094,0.065,,,,,,,17.438,0.022,17.056,0.034,16.63,0.044,25.068,0.613,23.689,0.353,21.265625,0.03709,19.683914000000000,0.010175,18.5993,0.0392
SDSS J102839.48+593908.2,157.165587,59.65058308,7.5,7.5,-3,0.13128,-0.34645,0.0276,0.0309,0.370488921426809,0.0305052602024293,16.332,0.027,16.203,0.062,19.8900258,21.24708598,18.7004126,0.07423042464,0.435604301,0.2311463548,,,,,,,21.7462,0.0173,20.479168,0.057077,19.0986,0.0123,18.46107,0.015628,17.6639,0.0339
ULAS J130710.22+151103.4,196.7918941,15.18388002,18.0,18,-1,-0.38681,-0.20739,0.03,0.0307,0.438899291637615,0.0301577035049393,16.345,0.033,16.139,0.069,,,,,,,18.139,0.042,17.531,0.066,,,,,,,,,20.932018,0.053105,,
ULAS J151913.03-000030.0,229.8041615,-0.00936741414,14.0,14,-2,-0.05751,-0.49351,0.0323,0.037,0.496849595149277,0.0369409822386771,16.39,0.034,16.025,0.073,,,,,,,17.275,0.023,17.075,0.027,16.925,0.04,24.608,0.839,24.953,0.785,21.3644,0.0719,19.265625,0.015373,18.2223,0.0227
UNCOVER-BD-1,3.533189207,-30.37014186,21.0,21,-1,-0.01304,-0.01021,0.0372,0.0337,0.0165615729929255,0.0359100117819406,16.398,0.034,16.199,0.079,,,,,,,,,,,,,21.7317,0.033145,20.417952,0.008181,19.872295,0.014475,19.55832,0.017375,18.909743,0.052609
SDSS J023557.61+010800.5,38.98998311,1.132643842,7.0,7,-2,0.06603,-0.19515,0.0378,0.0334,0.206018162791536,0.0338783315552717,16.408,0.034,16.302,0.084,,,,,,,17.19,0.025,16.828,0.028,16.635,0.043,22.168951000000000,0.022027,20.48252,0.004187,19.116203000000000,0.004017,18.644196,0.004155,17.794074,0.011738
ULAS J074431.30+283915.6,116.130175,28.65467,7.0,7,-1,-0.01214,-0.06603,0.0436,0.0468,0.0671367298875958,0.0466988352496506,16.408,0.051,16.259,0.096,20.90180558,22.18843002,19.84042028,0.1745777637,0.8499665826,0.6330811437,17.861,0.039,17.439,0.048,17.201,0.067,23.306028,0.112557,21.696627,0.044014,20.1249,0.012,19.324486,0.011843,18.4233,0.0173
SDSS J155707.09+283531.5,239.2792232,28.59124878,7.0,7,-3,-0.03755,-0.23807,0.0273,0.0319,0.241013127028384,0.0317962222260849,16.41,0.053,16.304,0.095,20.0118332,21.15745456,18.8360879,0.08335127608,0.4515090421,0.2089641005,17.25173378,0.03064433299,,,,,22.28159,0.049106,20.475779,0.018021,19.2682,0.0072,18.636751,0.007246,17.8589,0.0233
WISE J152434.49+002057.5,231.1434177,0.349021634,7.0,7,-1,-0.20809,-0.10491,0.0348,0.0367,0.233039816769581,0.0351933474979081,16.419,0.034,16.178,0.08,20.4615554,20.82920535,19.0501961,0.1721901567,0.6718065534,0.555040862,17.212,0.02,16.813,0.022,16.598,0.032,23.210663,0.044943,21.48073,0.012213,19.735300000000000,0.0149,18.771183,0.003656,17.9507,0.0189
ULAS J223440.80+001002.6,338.670005,0.167395,11.0,11,-1,-0.08919,-0.11489,0.0461,0.0434,0.14544610066963,0.0444345455185463,16.422,0.038,16.434,0.102,,,,,,,17.631,0.039,17.15,0.054,16.8069,0.0552,,,,,21.620565000000000,0.028245,19.988892,0.012042,18.845256,0.034301
ULAS J020628.22+020255.6,31.617596,2.048789,7.0,7,-1,-0.0596,-0.01058,0.0341,0.0353,0.0605317800828623,0.0341372840796985,16.435,0.035,15.96,0.064,,,,,,,17.654,0.032,17.279,0.073,17.096,0.097,24.950000000000000,0.457,22.846184,0.027719,20.500269,0.010805,19.535883,0.008235,18.483704,0.025222
SDSS J125508.35+294939.1,193.784044,29.82699802,7.0,7,-3,-0.15352,-0.13847,0.0348,0.0395,0.206742185583881,0.0369823391483224,16.467,0.032,16.368,0.079,20.0264477,20.94220281,18.9120759,0.09238102061,0.4512058306,0.2432782322,17.312,0.021,17.008,0.035,16.876,0.055,22.225487,0.026303,20.432234,0.011061,19.2866,0.0125,18.754852,0.00669,17.8832,0.0289
SDSS J164451.75+310352.8,251.2155915,31.06478352,8.0,8,-2,0.0104,-0.19108,0.0312,0.0327,0.191362813524467,0.0326956709290778,16.47,0.029,16.532,0.079,20.2457671,21.20421126,18.9644559,0.09804472389,0.655468387,0.2871549017,17.344,0.022,17.033,0.021,16.799,0.048,22.784601000000000,0.082235,20.850704,0.023413,19.4788,0.0085,18.719658,0.008939,17.8763,0.0252
2MASS J06164006−6407194,94.18213123,-64.12229014,16.0,16,-2,1.426,0.0319,0.0068,0.0071,1.42635676112255,0.00680015336183109,16.483,0.142,15.936,0.127,,,,,,,16.7088,0.0331,,,16.5683,0.0621,23.359375,0.086548,,,22.96875,0.152466,19.107,0.079,,
ULAS J021258.08+064115.9,33.24202156,6.687054944,11.0,11,-1,0.06379,-0.51026,0.0384,0.0392,0.514231885145214,0.0391878131810232,16.527,0.041,16.156,0.082,,,,,,,17.425,0.025,17.058,0.033,16.783,0.052,25.775000000000000,0.467,23.786,0.425,20.9998,0.071,19.3125,0.020706,18.3961,0.0223
WISE J082650.64+285251.9,126.7110672,28.88056826,7.0,7,-1,0.06966,-0.273,0.0401,0.0443,0.281747254822474,0.0440547497891331,16.553,0.04,16.508,0.116,20.5203056,21.313459,19.2987531,0.1146700573,0.6316041957,0.25594998,17.372,0.019,16.907,0.032,16.684,0.05,23.136099,0.074964,21.495583,0.020106,19.6902,0.0132,18.844158,0.006952,17.9527,0.0237
SDSS J104410.01+300142.3,161.0405385,30.02747953,7.5,7.5,-1,-0.26354,-0.23374,0.0437,0.0467,0.352260868107714,0.0450454905998021,16.564,0.044,16.283,0.087,20.0964933,21.39724765,18.9134116,0.1026954472,0.4723142194,0.2964363362,,,,,,,22.154303000000000,0.055991,20.579966,0.015452,19.3486,0.0096,18.761913,0.008834,17.8613,0.0164
SDSS J105449.01+322527.0,163.7041401,32.42360546,7.0,7,-3,0.03876,-0.10741,0.0358,0.042,0.114189516594125,0.041333087462718,16.605,0.036,16.305,0.084,20.191,20.96337237,19.0113574,0.1323736929,0.607393173,0.3525559489,17.52955627,0.03610255569,,,,,22.321234,0.042484,20.624552,0.012418,19.4478,0.0069,18.896080000000000,0.007298,18.0357,0.0185
ULAS J231924.35+052524.5,349.8521836,5.423022495,11.0,11,-2,0.36899,-0.24342,0.0465,0.0471,0.442048545411022,0.0466827528452783,16.606,0.04,16.6,0.111,,,,,,,17.331,0.023,17.081,0.037,16.931,0.064,,,21.5433,0.2081879,20.9035,0.0362,19.4942,0.0073,18.3041,0.0585
ULAS J121508.37+040200.5,183.785244,4.032373344,7.0,7,-1,0.09683,-0.17605,0.0493,0.0528,0.200922003274903,0.0520081120159058,16.644,0.042,16.267,0.089,20.82345622,22.318683,19.626579,0.1615114511,0.7704690826,0.4562187793,17.733,0.037,17.283,0.053,17.073,0.072,22.681091000000000,0.035197,21.402378,0.014223,19.807814,0.002145,19.170279,0.003205,18.344554,0.013105
SDSS J114452.67-031420.4,176.219581,-3.240224534,7.0,7,-2,-0.03953,-0.35924,0.0502,0.0571,0.361408354219988,0.0570223868660357,16.659,0.044,16.878,0.156,20.2797766,21.50496762,19.2012918,0.1123255761,0.5984842036,0.3748311769,,,17.137,0.037,17.007,0.065,22.659515000000000,0.048783,20.78814,0.016573,19.352299000000000,0.008879,18.870426,0.006941,18.0127,0.0186
ULAS J011840.73+084424.7,19.669717,8.740205,10.0,10,-1,0.06733,0.08858,0.048,0.0458,0.111264303799556,0.0466176661919581,16.665,0.044,16.208,0.085,,,,,,,17.836,0.052,17.358,0.063,17.011,0.077,24.432000000000000,0.699,24.080000000000000,0.617,21.7777,0.0177,20.175587,0.02076,19.0382,0.088
SDSS J124410.11+273625.8,191.0418375,27.60618486,10.5,10.5,-2,-0.1718,-0.18565,0.0505,0.0523,0.252944979195081,0.051477460480502,16.7,0.039,16.505,0.094,,,,,,,17.682,0.03,17.3,0.047,17.204,0.068,24.293000000000000,0.536,22.733452,0.068288,20.3963,0.022,19.264423,0.006972,18.3019,0.0327
ULAS J111429.54+072809.5,168.6229019,7.468839508,10.0,10,-2,-0.07832,-0.16349,0.0483,0.0503,0.181281555873729,0.049932772424572,16.729,0.047,16.202,0.084,,,,,,,17.585,0.028,17.256,0.041,17.122,0.07,25.947000000000000,0.468,23.310167,0.113363,20.381311,0.032657,19.327580000000000,0.010224,18.3801,0.0209
SDSS J080605.53+292800.8,121.5234563,29.46557223,7.5,7.5,-2,0.19291,-0.313,0.0519,0.0588,0.367672773128498,0.0569839198830698,16.773,0.047,16.681,0.13,20.3720448,21.46555258,19.209767,0.1222839206,0.5104342572,0.3612608308,17.588,0.024,17.288,0.045,17.224,0.068,22.641167000000000,0.052447,20.900436,0.0232,19.7333,0.0055,18.97089,0.009798,18.0098,0.0839
WISEA J041451.67−585456.7,63.71574039,-58.91507846,20.0,20,-2,0.24282,0.675,0.0256,0.0236,0.717346884289602,0.0238376742797625,16.783,0.036,15.519,0.037,,,,,,,19.6651,0.2538,,,,,,,,,,,22.1875,0.150879,,
ULAS J103317.93+053054.1,158.3240066,5.514590595,7.0,7,-1,0.02581,-0.03905,0.0506,0.0588,0.0468087449094718,0.0564331220598371,16.791,0.046,16.615,0.12,,,,,,,,,,,,,,,22.405426,0.0612,20.307047,0.016106,19.717525,0.013592,18.8497,0.0677
SDSS J010448.46+153501.8,16.20265283,15.58386358,11.5,11.5,-3,0.19421,-0.12398,0.055,0.0546,0.230409558178475,0.0548844855145077,16.803,0.048,16.517,0.108,,,,,,,17.929,0.052,18.064,0.111,18.077,0.167,25.222,0.753,22.359543,0.095393,20.518900000000000,0.0198,19.443592,0.019188,18.4595,0.0263
SDSS J093244.46+011259.8,143.1854217,1.215606525,8.5,8.5,-1,0.06441,-0.248,0.0466,0.0575,0.256227727032029,0.0568730863339479,16.84,0.046,16.814,0.137,20.89020018,21.25095296,19.6112245,0.1681588985,0.5901268653,0.3795782376,17.645,0.029,17.487,0.075,17.208,0.077,23.663612,0.09882,21.954666,0.025691,19.881393000000000,0.009345,19.169575,0.006747,,
ULAS J011824.89+034130.4,19.603733,3.691786,10.0,10,-1,0.09204,-0.17833,0.0618,0.0599,0.200681216111523,0.0603046343418949,16.881,0.058,16.51,0.104,,,,,,,18.179,0.053,17.732,0.074,17.555,0.107,25.07,0.744,24.759,0.905,21.421875,0.077698,20.10511,0.056169,19.085852,0.087733
ULAS J124104.75-000531.4,190.2685984,-0.09249595125,10.0,10,-1,0.17019,-0.04304,0.0561,0.0706,0.175547935618736,0.057075762803842,16.915,0.052,16.839,0.145,,,,,,,18.416,0.082,18.333,0.096,17.931,0.123,,,,,,,21.890625,0.121094,19.5234,0.0639
BRLT 253,220.4641039,4.626185257,14.0,14,-1,-0.45389,-0.80508,0.0447,0.0537,0.924213145600083,0.0516729454589913,16.926,0.052,16.65,0.123,,,,,,,17.226,0.026,16.948,0.044,16.344,0.041,,,,,21.7115,0.1369,20.2124,0.0264,18.6558,0.0204
SDSS J124904.38+100413.4,192.2683308,10.06943607,7.0,7,-1,0.05146,-0.19914,0.0583,0.0658,0.205681479963559,0.0653557833980428,16.949,0.049,16.662,0.136,20.78898647,21.3537705,19.448927,0.1280978528,0.4903777176,0.3574706806,17.634,0.02,17.243,0.045,17.073,0.064,23.765625,0.192261,21.618004,0.026593,19.79566,0.010807,19.184275,0.007333,18.2541,0.0155
SDSS J123257.20+410723.5,188.2385536,41.12223596,7.0,7,-2,0.10915,-0.19453,0.0475,0.0556,0.223059730565604,0.0537717154305418,16.956,0.043,16.826,0.12,20.5596631,21.56167573,19.3331025,0.1193488406,0.6272935991,0.3582166703,17.7591095,0.04730212316,,,,,22.299000000000000,0.1678,21.127321,0.094708,19.8017,0.0117,19.206764,0.019309,18.2955,0.0277
SDSS J110017.81+011218.6,165.074234,1.205182,7.0,7,-1,-0.12041,-0.29669,0.0652,0.0709,0.320192948392059,0.0701220574598201,16.996,0.057,16.94,0.16,,,,,,,18.0,0.037,17.628,0.057,17.464,0.076,23.484070000000000,0.083263,21.77788,0.032871,20.176252,0.020151,19.526913,0.009379,18.7008,0.0267
SDSS J004539.96+135032.6,11.41717427,13.84202771,7.5,7.5,-1,0.00376,-0.07064,0.0699,0.0693,0.0707399971727452,0.0693017024232217,17.078,0.055,17.263,0.201,,,,,,,18.043,0.055,17.63,0.088,17.363,0.1,23.399914000000000,0.100231,21.692495,0.027635,20.3413,0.0302,19.621030000000000,0.012167,18.6658,0.1935
ULAS J020858.62+020657.0,32.24436488,2.115910353,13.0,13,-2,0.17225,-0.18053,0.0695,0.0653,0.249521829505957,0.0673341602325456,17.098,0.059,16.549,0.106,,,,,,,18.0,0.043,17.879,0.126,17.623,0.164,25.194000000000000,0.441,23.205885,0.080695,21.3868,0.0304,19.994,0.0277,18.8649,0.062
SDSS J131822.82-011150.1,199.5940775,-1.197319818,8.0,8,-2,-0.21346,-0.06023,0.0677,0.0773,0.221794554712238,0.0684539334461477,17.163,0.061,17.029,0.176,20.81546157,21.75729953,19.80215614,0.1841844333,0.7443925647,0.4882208148,17.949,0.042,17.805,0.086,17.633,0.107,23.362469,0.08511,21.472498,0.024922,19.923157,0.008606,19.36038,0.008741,18.5547,0.0215
ULAS J132823.25+302144.8,202.0962772,30.36229966,7.0,7,-1,-0.29973,0.03681,0.0605,0.0689,0.301981868661017,0.0606333275238403,17.217,0.056,16.898,0.135,20.82983644,21.07907251,19.666184,0.1512428518,0.9784575505,0.4447585882,17.911,0.031,17.421,0.037,17.309,0.075,23.061394,0.083168,21.601988,0.033613,19.9818,0.2297,19.337997000000000,0.010322,18.5592,0.0674
ULAS J223302.03+062030.8,338.258498,6.341901,10.5,10.5,-2,0.3885,-0.18726,0.0793,0.0745,0.431275500811256,0.0784175338469844,17.217,0.067,17.319,0.235,,,,,,,17.901,0.047,17.672,0.079,17.441,0.113,,,,,21.1487,0.0367,19.8862,0.0279,18.7498,0.022
CWISE J052306.42-015355.4,80.77593665,-1.898770059,20.0,20,-2,0.51688,-0.0427,0.0536,0.0559,0.518640746953033,0.0536159222761299,17.313,0.064,15.955,0.058,,,,,,,19.7401,0.2889,,,,,,,21.42961,0.2319752,,,21.816252,0.102537,20.495482,0.112229
ULAS J135058.86+081506.8,207.745248,8.251911,13.0,13,-3,-0.2051,-0.22329,0.0703,0.0791,0.303190425475476,0.0752008927001574,17.358,0.07,16.972,0.151,,,,,,,17.93,0.042,18.07,0.104,17.952,0.148,24.251,0.555,21.38156,0.225122,20.853777,0.018119,19.622368000000000,0.007748,18.6838,0.0429
CWISE J073844.52−664334.6,114.6852796,-66.72605826,20.0,20,-2,0.76453,-0.43215,0.032,0.0298,0.878213950811532,0.0314813993756294,17.361,0.042,16.007,0.042,,,,,,,,,,,,,,,22.984375,0.171631,,,,,,
ULAS J125134.40-005556.7,192.893522,-0.932088,8.0,8,-1,0.05946,-0.10691,0.099,0.1167,0.122332496500317,0.112769345542575,17.389,0.08,17.742,0.362,,,,,,,18.081,0.054,17.805,0.084,17.676,0.14,,,22.2054,0.1943,20.575,0.0204,19.7289,0.0288,18.7822,0.0494
ULAS J230711.01+014447.1,346.795889,1.74644,14.5,14.5,-3,-0.0092,-0.1722,0.0923,0.0887,0.172445585620508,0.0887104537801087,17.424,0.078,16.841,0.139,,,,,,,18.146,0.055,18.338,0.122,18.168,0.184,24.088,0.351,24.57,0.457,21.42404,0.020341,19.9529,0.012122,18.917838,0.036539
WISE J155349.98+693355.2,238.4492776,69.56688124,23.0,23,-1,-1.45002,1.32382,0.0327,0.0286,1.96343000710491,0.0309036569726603,17.656,0.052,16.125,0.045,,,,,,,,,,,,,,,,,20.85998,0.1740638,,,,
WISE J095047.32+011733.3,147.6974847,1.291445201,28.0,28,-1,0.21535,-0.369,0.0218,0.0248,0.427243048509862,0.0240732658776236,17.793,0.098,14.541,0.021,,,,,,,18.047,0.038,18.241,0.152,,,,,18.76169,0.05558058,,,21.828125,0.120972,,
WISE J200520.38+542433.9,301.3322232,54.4083502,28.0,28,-1,-1.10262,-0.922,0.0202,0.019,1.43730820090891,0.0197150548529305,17.939,0.159,15.638,0.118,,,,,,,,,,,,,,,,,,,,,,
CWISE J221706.28−145437.6,334.276288,-14.91061326,20.0,20,-2,1.63729,-0.91946,0.065,0.0631,1.87779797520926,0.0645495623034921,17.939,0.117,16.248,0.085,,,,,,,,,,,,,,,,,,,,,,
ULAS J142320.79+011638.2,215.8370581,1.27604858,28.0,28,-1,0.16483,-0.5339,0.0296,0.033,0.55876483327067,0.0327181732881267,17.976,0.126,14.859,0.026,,,,,,,18.759,0.123,19.1205,0.1576,,,22.800987000000000,0.090113,22.64626,0.093043,,,21.956568,0.086829,,
WISEA J001354.40+063448.1,3.479086483,6.578880453,28.0,28,-1,1.29723,-0.62676,0.0443,0.0444,1.44070599724579,0.0443189430048234,18.046,0.128,15.498,0.045,,,,,,,,,,,,,,,,,,,,,,
ULAS J092605.47+083516.9,141.522819,8.588039,24.5,24.5,-1,-0.18424,0.0366,0.1316,0.145,0.187840191652372,0.132133551955177,18.088,0.135,17.044,0.174,,,,,,,18.464,0.064,18.793,0.122,,,,,,,,,,,,
ULAS J132012.11+053943.6,200.050788,5.662234,7.5,7.5,-2,-0.38123,0.14616,0.1297,0.1359,0.40828796026824,0.130510994742833,18.091,0.132,17.352,0.226,,,,,,,18.783,0.106,18.208,0.1,18.096,0.178,23.9375,0.180908,22.185486,0.060437,20.784664,0.026836,20.234375,0.017743,19.237,0.0394
CWISE J105512.11+544328.3,163.7998118,54.7245557,28.0,28,-1,-1.50456,-0.22991,0.0169,0.0185,1.52202477039633,0.0169381934032572,18.146,0.172,15.317,0.13,,,,,,,,,,,,,24.708000000000000,0.566,25.585,0.578,,,23.436,0.717,,
WISEA J042236.95−044203.5,65.65565535,-4.701711791,28.0,28,-1,1.0214,-0.458,0.0955,0.109,1.11938463452024,0.097889823011201,18.382,0.167,16.257,0.078,,,,,,,18.9643,0.2521,,,,,,,,,,,21.721512,0.055,,
ULAS J131610.28+075553.0,199.0403845,7.931476673,26.5,26.5,-1,-1.15705,0.09117,0.1007,0.1114,1.16063632176492,0.10076950670765,19.148,0.34,16.522,0.104,,,,,,,18.981,0.104,,,,,,,19.78617,0.08066355,,,,,,
WISE J083337.82+005214.1,128.4090815,0.8679290289,29.0,29,-1,0.79683,-1.62,0.0316,0.0392,1.8053636888173,0.0378393826563479,19.667,,15.295,0.035,,,,,,,,,,,,,24.626,0.681,24.989,0.916,,,23.986,0.774,,
WISEA J020201.25−313645.2,30.50486443,-31.61457641,10.5,10.5,-2,,,,,,,,,,,19.153961,21.42389996,17.6320616,0.07503726452,0.51457447,0.1442490617,15.2371,0.004,14.9801,0.0052,14.8528,0.0081,,,21.265625,0.036865,18.046875,0.006252,16.958654,0.003531,16.07436,0.007403
LHS 292,162.0553681,-11.3433137,7.0,7,-1,,,,,,,,,,,12.8385,15.953591,11.3739,0.04620293189,0.1127588617,0.04324658014,,,,,17.3905,0.1529,16.34804,0.005819,15.078,0.008,13.065200000000000,0.0155,11.307000000000000,0.005,,
WISEA J135501.90−825838.9,208.7548696,-82.97786486,15.0,15,-1,,,,,,,,,,,,,,,,,16.4048,0.022,15.31,0.132,14.8916,0.0143,,,,,21.148373,0.03282,,,,
WISEA J153429.75−104303.3,233.627808,-10.71069231,30.0,30,-1,,,,,,,,,,,,,,,,,,,,,,,,,,,,,,,20.241,0.176758